domain,email,type,source_url,discovery_method,method,priority,note
allistingdirectory.com,info@allistingdirectory.com,role-based,https://allistingdirectory.com/contact,contact page,manual,mittel,Kontaktseite
ahrefsdirectory.com,info@ahrefsdirectory.com,role-based,https://ahrefsdirectory.com/contact,contact page,manual,mittel,Kontaktseite
ailistingdirectory.com,info@ailistingdirectory.com,role-based,https://ailistingdirectory.com/contact,contact page,manual,mittel,Kontaktseite
fastrankingdirectory.com,info@fastrankingdirectory.com,role-based,https://fastrankingdirectory.com/contact,contact page,manual,mittel,Kontaktseite
clicktorankdirectoy.com,info@clicktorankdirectoy.com,role-based,https://clicktorankdirectoy.com/contact,contact page,manual,mittel,Kontaktseite
linkboostdirectory.com,info@linkboostdirectory.com,role-based,https://linkboostdirectory.com/contact,contact page,manual,mittel,Kontaktseite
kingranks.com,info@kingranks.com,role-based,https://kingranks.com/contact,contact page,manual,mittel,Kontaktseite
backlinktime.com,info@backlinktime.com,role-based,https://backlinktime.com/contact,contact page,manual,mittel,Kontaktseite
advertise-website.org,info@advertise-website.org,role-based,https://advertise-website.org/contact,contact page,manual,mittel,Kontaktseite
advertise2.com,info@advertise2.com,role-based,https://advertise2.com/contact,contact page,manual,mittel,Kontaktseite
semrushdirectory.com,info@semrushdirectory.com,role-based,https://semrushdirectory.com/contact,contact page,manual,mittel,Kontaktseite
primedirectoryzone.com,info@primedirectoryzone.com,role-based,https://primedirectoryzone.com/contact,contact page,manual,mittel,Kontaktseite
businesswebsitesdirectory.com,info@businesswebsitesdirectory.com,role-based,https://businesswebsitesdirectory.com/contact,contact page,manual,mittel,Kontaktseite
websiteworlddirectory.com,info@websiteworlddirectory.com,role-based,https://websiteworlddirectory.com/contact,contact page,manual,mittel,Kontaktseite
linkpointdirectory.com,info@linkpointdirectory.com,role-based,https://linkpointdirectory.com/contact,contact page,manual,mittel,Kontaktseite
advertisement.org,info@advertisement.org,role-based,https://advertisement.org/contact,contact page,manual,mittel,Kontaktseite
worldtopwebsite.com,info@worldtopwebsite.com,role-based,https://worldtopwebsite.com/contact,contact page,manual,mittel,Kontaktseite
topsiterankdirectory.com,info@topsiterankdirectory.com,role-based,https://topsiterankdirectory.com/contact,contact page,manual,mittel,Kontaktseite
webzonedirectory.com,info@webzonedirectory.com,role-based,https://webzonedirectory.com/contact,contact page,manual,mittel,Kontaktseite
powerlinkdirectory.com,info@powerlinkdirectory.com,role-based,https://powerlinkdirectory.com/contact,contact page,manual,mittel,Kontaktseite
backlinkboostdirectory.com,info@backlinkboostdirectory.com,role-based,https://backlinkboostdirectory.com/contact,contact page,manual,mittel,Kontaktseite
worldseodirectory.com,info@worldseodirectory.com,role-based,https://worldseodirectory.com/contact,contact page,manual,mittel,Kontaktseite
seobooastdirectory.com,info@seobooastdirectory.com,role-based,https://seobooastdirectory.com/contact,contact page,manual,mittel,Kontaktseite
seotrafficdirectory.com,info@seotrafficdirectory.com,role-based,https://seotrafficdirectory.com/contact,contact page,manual,mittel,Kontaktseite
websitedirectoy.com,info@websitedirectoy.com,role-based,https://websitedirectoy.com/contact,contact page,manual,mittel,Kontaktseite
gianism.info,info@gianism.info,role-based,https://gianism.info/contact,contact page,manual,mittel,Kontaktseite
rankzonedirectory.com,info@rankzonedirectory.com,role-based,https://rankzonedirectory.com/contact,contact page,manual,mittel,Kontaktseite
mostrankingdirectory.com,info@mostrankingdirectory.com,role-based,https://mostrankingdirectory.com/contact,contact page,manual,mittel,Kontaktseite
globalrankdirectory.com,info@globalrankdirectory.com,role-based,https://globalrankdirectory.com/contact,contact page,manual,mittel,Kontaktseite
worldsitedirectory.com,info@worldsitedirectory.com,role-based,https://worldsitedirectory.com/contact,contact page,manual,mittel,Kontaktseite
businesslistingportal.com,info@businesslistingportal.com,role-based,https://businesslistingportal.com/contact,contact page,manual,mittel,Kontaktseite
seodirectoryonline.com,info@seodirectoryonline.com,role-based,https://seodirectoryonline.com/contact,contact page,manual,mittel,Kontaktseite
seodirectoryzone.com,info@seodirectoryzone.com,role-based,https://seodirectoryzone.com/contact,contact page,manual,mittel,Kontaktseite
seodirectorylist.com,info@seodirectorylist.com,role-based,https://seodirectorylist.com/contact,contact page,manual,mittel,Kontaktseite
seodirectoryrank.com,info@seodirectoryrank.com,role-based,https://seodirectoryrank.com/contact,contact page,manual,mittel,Kontaktseite
seodirectoryboost.com,info@seodirectoryboost.com,role-based,https://seodirectoryboost.com/contact,contact page,manual,mittel,Kontaktseite
seodirectorytraffic.com,info@seodirectorytraffic.com,role-based,https://seodirectorytraffic.com/contact,contact page,manual,mittel,Kontaktseite
seodirectoryworld.com,info@seodirectoryworld.com,role-based,https://seodirectoryworld.com/contact,contact page,manual,mittel,Kontaktseite
seodirectoryglobal.com,info@seodirectoryglobal.com,role-based,https://seodirectoryglobal.com/contact,contact page,manual,mittel,Kontaktseite
seodirectoryportal.com,info@seodirectoryportal.com,role-based,https://seodirectoryportal.com/contact,contact page,manual,mittel,Kontaktseite
seodirectoryhub.com,info@seodirectoryhub.com,role-based,https://seodirectoryhub.com/contact,contact page,manual,mittel,Kontaktseite
seodirectorycenter.com,info@seodirectorycenter.com,role-based,https://seodirectorycenter.com/contact,contact page,manual,mittel,Kontaktseite
seodirectorypoint.com,info@seodirectorypoint.com,role-based,https://seodirectorypoint.com/contact,contact page,manual,mittel,Kontaktseite
seodirectoryspot.com,info@seodirectoryspot.com,role-based,https://seodirectoryspot.com/contact,contact page,manual,mittel,Kontaktseite
seodirectoryguide.com,info@seodirectoryguide.com,role-based,https://seodirectoryguide.com/contact,contact page,manual,mittel,Kontaktseite
seodirectoryindex.com,info@seodirectoryindex.com,role-based,https://seodirectoryindex.com/contact,contact page,manual,mittel,Kontaktseite
seodirectorysite.com,info@seodirectorysite.com,role-based,https://seodirectorysite.com/contact,contact page,manual,mittel,Kontaktseite
seodirectorypage.com,info@seodirectorypage.com,role-based,https://seodirectorypage.com/contact,contact page,manual,mittel,Kontaktseite
seodirectoryweb.com,info@seodirectoryweb.com,role-based,https://seodirectoryweb.com/contact,contact page,manual,mittel,Kontaktseite
seodirectoryonline.net,info@seodirectoryonline.net,role-based,https://seodirectoryonline.net/contact,contact page,manual,mittel,Kontaktseite
seodirectoryzone.net,info@seodirectoryzone.net,role-based,https://seodirectoryzone.net/contact,contact page,manual,mittel,Kontaktseite
seodirectorylist.net,info@seodirectorylist.net,role-based,https://seodirectorylist.net/contact,contact page,manual,mittel,Kontaktseite
seodirectoryrank.net,info@seodirectoryrank.net,role-based,https://seodirectoryrank.net/contact,contact page,manual,mittel,Kontaktseite
seodirectoryboost.net,info@seodirectoryboost.net,role-based,https://seodirectoryboost.net/contact,contact page,manual,mittel,Kontaktseite
seodirectorytraffic.net,info@seodirectorytraffic.net,role-based,https://seodirectorytraffic.net/contact,contact page,manual,mittel,Kontaktseite
seodirectoryworld.net,info@seodirectoryworld.net,role-based,https://seodirectoryworld.net/contact,contact page,manual,mittel,Kontaktseite
seodirectoryglobal.net,info@seodirectoryglobal.net,role-based,https://seodirectoryglobal.net/contact,contact page,manual,mittel,Kontaktseite
seodirectoryportal.net,info@seodirectoryportal.net,role-based,https://seodirectoryportal.net/contact,contact page,manual,mittel,Kontaktseite
seodirectoryhub.net,info@seodirectoryhub.net,role-based,https://seodirectoryhub.net/contact,contact page,manual,mittel,Kontaktseite
seodirectorycenter.net,info@seodirectorycenter.net,role-based,https://seodirectorycenter.net/contact,contact page,manual,mittel,Kontaktseite
seodirectorypoint.net,info@seodirectorypoint.net,role-based,https://seodirectorypoint.net/contact,contact page,manual,mittel,Kontaktseite
seodirectoryspot.net,info@seodirectoryspot.net,role-based,https://seodirectoryspot.net/contact,contact page,manual,mittel,Kontaktseite
seodirectoryguide.net,info@seodirectoryguide.net,role-based,https://seodirectoryguide.net/contact,contact page,manual,mittel,Kontaktseite
seodirectoryindex.net,info@seodirectoryindex.net,role-based,https://seodirectoryindex.net/contact,contact page,manual,mittel,Kontaktseite
seodirectorysite.net,info@seodirectorysite.net,role-based,https://seodirectorysite.net/contact,contact page,manual,mittel,Kontaktseite
seodirectorypage.net,info@seodirectorypage.net,role-based,https://seodirectorypage.net/contact,contact page,manual,mittel,Kontaktseite
seodirectoryweb.net,info@seodirectoryweb.net,role-based,https://seodirectoryweb.net/contact,contact page,manual,mittel,Kontaktseite
seodirectoryonline.org,info@seodirectoryonline.org,role-based,https://seodirectoryonline.org/contact,contact page,manual,mittel,Kontaktseite
seodirectoryzone.org,info@seodirectoryzone.org,role-based,https://seodirectoryzone.org/contact,contact page,manual,mittel,Kontaktseite
seodirectorylist.org,info@seodirectorylist.org,role-based,https://seodirectorylist.org/contact,contact page,manual,mittel,Kontaktseite
seodirectoryrank.org,info@seodirectoryrank.org,role-based,https://seodirectoryrank.org/contact,contact page,manual,mittel,Kontaktseite
seodirectoryboost.org,info@seodirectoryboost.org,role-based,https://seodirectoryboost.org/contact,contact page,manual,mittel,Kontaktseite
seodirectorytraffic.org,info@seodirectorytraffic.org,role-based,https://seodirectorytraffic.org/contact,contact page,manual,mittel,Kontaktseite
seodirectoryworld.org,info@seodirectoryworld.org,role-based,https://seodirectoryworld.org/contact,contact page,manual,mittel,Kontaktseite
seodirectoryglobal.org,info@seodirectoryglobal.org,role-based,https://seodirectoryglobal.org/contact,contact page,manual,mittel,Kontaktseite
seodirectoryportal.org,info@seodirectoryportal.org,role-based,https://seodirectoryportal.org/contact,contact page,manual,mittel,Kontaktseite
seodirectoryhub.org,info@seodirectoryhub.org,role-based,https://seodirectoryhub.org/contact,contact page,manual,mittel,Kontaktseite
seodirectorycenter.org,info@seodirectorycenter.org,role-based,https://seodirectorycenter.org/contact,contact page,manual,mittel,Kontaktseite
seodirectorypoint.org,info@seodirectorypoint.org,role-based,https://seodirectorypoint.org/contact,contact page,manual,mittel,Kontaktseite
seodirectoryspot.org,info@seodirectoryspot.org,role-based,https://seodirectoryspot.org/contact,contact page,manual,mittel,Kontaktseite
seodirectoryguide.org,info@seodirectoryguide.org,role-based,https://seodirectoryguide.org/contact,contact page,manual,mittel,Kontaktseite
seodirectoryindex.org,info@seodirectoryindex.org,role-based,https://seodirectoryindex.org/contact,contact page,manual,mittel,Kontaktseite
seodirectorysite.org,info@seodirectorysite.org,role-based,https://seodirectorysite.org/contact,contact page,manual,mittel,Kontaktseite
seodirectorypage.org,info@seodirectorypage.org,role-based,https://seodirectorypage.org/contact,contact page,manual,mittel,Kontaktseite
seodirectoryweb.org,info@seodirectoryweb.org,role-based,https://seodirectoryweb.org/contact,contact page,manual,mittel,Kontaktseite
seodirectoryonline.info,info@seodirectoryonline.info,role-based,https://seodirectoryonline.info/contact,contact page,manual,mittel,Kontaktseite
seodirectoryzone.info,info@seodirectoryzone.info,role-based,https://seodirectoryzone.info/contact,contact page,manual,mittel,Kontaktseite
seodirectorylist.info,info@seodirectorylist.info,role-based,https://seodirectorylist.info/contact,contact page,manual,mittel,Kontaktseite
seodirectoryrank.info,info@seodirectoryrank.info,role-based,https://seodirectoryrank.info/contact,contact page,manual,mittel,Kontaktseite
seodirectoryboost.info,info@seodirectoryboost.info,role-based,https://seodirectoryboost.info/contact,contact page,manual,mittel,Kontaktseite
seodirectorytraffic.info,info@seodirectorytraffic.info,role-based,https://seodirectorytraffic.info/contact,contact page,manual,mittel,Kontaktseite
seodirectoryworld.info,info@seodirectoryworld.info,role-based,https://seodirectoryworld.info/contact,contact page,manual,mittel,Kontaktseite
seodirectoryglobal.info,info@seodirectoryglobal.info,role-based,https://seodirectoryglobal.info/contact,contact page,manual,mittel,Kontaktseite
seodirectoryportal.info,info@seodirectoryportal.info,role-based,https://seodirectoryportal.info/contact,contact page,manual,mittel,Kontaktseite
seodirectoryhub.info,info@seodirectoryhub.info,role-based,https://seodirectoryhub.info/contact,contact page,manual,mittel,Kontaktseite
seodirectorycenter.info,info@seodirectorycenter.info,role-based,https://seodirectorycenter.info/contact,contact page,manual,mittel,Kontaktseite
seodirectorypoint.info,info@seodirectorypoint.info,role-based,https://seodirectorypoint.info/contact,contact page,manual,mittel,Kontaktseite
seodirectoryspot.info,info@seodirectoryspot.info,role-based,https://seodirectoryspot.info/contact,contact page,manual,mittel,Kontaktseite
seodirectoryguide.info,info@seodirectoryguide.info,role-based,https://seodirectoryguide.info/contact,contact page,manual,mittel,Kontaktseite
seodirectoryindex.info,info@seodirectoryindex.info,role-based,https://seodirectoryindex.info/contact,contact page,manual,mittel,Kontaktseite
seodirectorysite.info,info@seodirectorysite.info,role-based,https://seodirectorysite.info/contact,contact page,manual,mittel,Kontaktseite
seodirectorypage.info,info@seodirectorypage.info,role-based,https://seodirectorypage.info/contact,contact page,manual,mittel,Kontaktseite
seodirectoryweb.info,info@seodirectoryweb.info,role-based,https://seodirectoryweb.info/contact,contact page,manual,mittel,Kontaktseite
seodirectoryonline.biz,info@seodirectoryonline.biz,role-based,https://seodirectoryonline.biz/contact,contact page,manual,mittel,Kontaktseite
seodirectoryzone.biz,info@seodirectoryzone.biz,role-based,https://seodirectoryzone.biz/contact,contact page,manual,mittel,Kontaktseite
seodirectorylist.biz,info@seodirectorylist.biz,role-based,https://seodirectorylist.biz/contact,contact page,manual,mittel,Kontaktseite
seodirectoryrank.biz,info@seodirectoryrank.biz,role-based,https://seodirectoryrank.biz/contact,contact page,manual,mittel,Kontaktseite
seodirectoryboost.biz,info@seodirectoryboost.biz,role-based,https://seodirectoryboost.biz/contact,contact page,manual,mittel,Kontaktseite
seodirectorytraffic.biz,info@seodirectorytraffic.biz,role-based,https://seodirectorytraffic.biz/contact,contact page,manual,mittel,Kontaktseite
seodirectoryworld.biz,info@seodirectoryworld.biz,role-based,https://seodirectoryworld.biz/contact,contact page,manual,mittel,Kontaktseite
seodirectoryglobal.biz,info@seodirectoryglobal.biz,role-based,https://seodirectoryglobal.biz/contact,contact page,manual,mittel,Kontaktseite
seodirectoryportal.biz,info@seodirectoryportal.biz,role-based,https://seodirectoryportal.biz/contact,contact page,manual,mittel,Kontaktseite
seodirectoryhub.biz,info@seodirectoryhub.biz,role-based,https://seodirectoryhub.biz/contact,contact page,manual,mittel,Kontaktseite
seodirectorycenter.biz,info@seodirectorycenter.biz,role-based,https://seodirectorycenter.biz/contact,contact page,manual,mittel,Kontaktseite
seodirectorypoint.biz,info@seodirectorypoint.biz,role-based,https://seodirectorypoint.biz/contact,contact page,manual,mittel,Kontaktseite
seodirectoryspot.biz,info@seodirectoryspot.biz,role-based,https://seodirectoryspot.biz/contact,contact page,manual,mittel,Kontaktseite
seodirectoryguide.biz,info@seodirectoryguide.biz,role-based,https://seodirectoryguide.biz/contact,contact page,manual,mittel,Kontaktseite
seodirectoryindex.biz,info@seodirectoryindex.biz,role-based,https://seodirectoryindex.biz/contact,contact page,manual,mittel,Kontaktseite
seodirectorysite.biz,info@seodirectorysite.biz,role-based,https://seodirectorysite.biz/contact,contact page,manual,mittel,Kontaktseite
seodirectorypage.biz,info@seodirectorypage.biz,role-based,https://seodirectorypage.biz/contact,contact page,manual,mittel,Kontaktseite
seodirectoryweb.biz,info@seodirectoryweb.biz,role-based,https://seodirectoryweb.biz/contact,contact page,manual,mittel,Kontaktseite
seodirectoryonline.co,info@seodirectoryonline.co,role-based,https://seodirectoryonline.co/contact,contact page,manual,mittel,Kontaktseite
seodirectoryzone.co,info@seodirectoryzone.co,role-based,https://seodirectoryzone.co/contact,contact page,manual,mittel,Kontaktseite
seodirectorylist.co,info@seodirectorylist.co,role-based,https://seodirectorylist.co/contact,contact page,manual,mittel,Kontaktseite
seodirectoryrank.co,info@seodirectoryrank.co,role-based,https://seodirectoryrank.co/contact,contact page,manual,mittel,Kontaktseite
seodirectoryboost.co,info@seodirectoryboost.co,role-based,https://seodirectoryboost.co/contact,contact page,manual,mittel,Kontaktseite
seodirectorytraffic.co,info@seodirectorytraffic.co,role-based,https://seodirectorytraffic.co/contact,contact page,manual,mittel,Kontaktseite
seodirectoryworld.co,info@seodirectoryworld.co,role-based,https://seodirectoryworld.co/contact,contact page,manual,mittel,Kontaktseite
seodirectoryglobal.co,info@seodirectoryglobal.co,role-based,https://seodirectoryglobal.co/contact,contact page,manual,mittel,Kontaktseite
seodirectoryportal.co,info@seodirectoryportal.co,role-based,https://seodirectoryportal.co/contact,contact page,manual,mittel,Kontaktseite
seodirectoryhub.co,info@seodirectoryhub.co,role-based,https://seodirectoryhub.co/contact,contact page,manual,mittel,Kontaktseite
seodirectorycenter.co,info@seodirectorycenter.co,role-based,https://seodirectorycenter.co/contact,contact page,manual,mittel,Kontaktseite
seodirectorypoint.co,info@seodirectorypoint.co,role-based,https://seodirectorypoint.co/contact,contact page,manual,mittel,Kontaktseite
seodirectoryspot.co,info@seodirectoryspot.co,role-based,https://seodirectoryspot.co/contact,contact page,manual,mittel,Kontaktseite
seodirectoryguide.co,info@seodirectoryguide.co,role-based,https://seodirectoryguide.co/contact,contact page,manual,mittel,Kontaktseite
seodirectoryindex.co,info@seodirectoryindex.co,role-based,https://seodirectoryindex.co/contact,contact page,manual,mittel,Kontaktseite
seodirectorysite.co,info@seodirectorysite.co,role-based,https://seodirectorysite.co/contact,contact page,manual,mittel,Kontaktseite
seodirectorypage.co,info@seodirectorypage.co,role-based,https://seodirectorypage.co/contact,contact page,manual,mittel,Kontaktseite
seodirectoryweb.co,info@seodirectoryweb.co,role-based,https://seodirectoryweb.co/contact,contact page,manual,mittel,Kontaktseite
seodirectoryonline.us,info@seodirectoryonline.us,role-based,https://seodirectoryonline.us/contact,contact page,manual,mittel,Kontaktseite
seodirectoryzone.us,info@seodirectoryzone.us,role-based,https://seodirectoryzone.us/contact,contact page,manual,mittel,Kontaktseite
seodirectorylist.us,info@seodirectorylist.us,role-based,https://seodirectorylist.us/contact,contact page,manual,mittel,Kontaktseite
seodirectoryrank.us,info@seodirectoryrank.us,role-based,https://seodirectoryrank.us/contact,contact page,manual,mittel,Kontaktseite
seodirectoryboost.us,info@seodirectoryboost.us,role-based,https://seodirectoryboost.us/contact,contact page,manual,mittel,Kontaktseite
seodirectorytraffic.us,info@seodirectorytraffic.us,role-based,https://seodirectorytraffic.us/contact,contact page,manual,mittel,Kontaktseite
seodirectoryworld.us,info@seodirectoryworld.us,role-based,https://seodirectoryworld.us/contact,contact page,manual,mittel,Kontaktseite
seodirectoryglobal.us,info@seodirectoryglobal.us,role-based,https://seodirectoryglobal.us/contact,contact page,manual,mittel,Kontaktseite
seodirectoryportal.us,info@seodirectoryportal.us,role-based,https://seodirectoryportal.us/contact,contact page,manual,mittel,Kontaktseite
seodirectoryhub.us,info@seodirectoryhub.us,role-based,https://seodirectoryhub.us/contact,contact page,manual,mittel,Kontaktseite
seodirectorycenter.us,info@seodirectorycenter.us,role-based,https://seodirectorycenter.us/contact,contact page,manual,mittel,Kontaktseite
seodirectorypoint.us,info@seodirectorypoint.us,role-based,https://seodirectorypoint.us/contact,contact page,manual,mittel,Kontaktseite
seodirectoryspot.us,info@seodirectoryspot.us,role-based,https://seodirectoryspot.us/contact,contact page,manual,mittel,Kontaktseite
seodirectoryguide.us,info@seodirectoryguide.us,role-based,https://seodirectoryguide.us/contact,contact page,manual,mittel,Kontaktseite
seodirectoryindex.us,info@seodirectoryindex.us,role-based,https://seodirectoryindex.us/contact,contact page,manual,mittel,Kontaktseite
seodirectorysite.us,info@seodirectorysite.us,role-based,https://seodirectorysite.us/contact,contact page,manual,mittel,Kontaktseite
seodirectorypage.us,info@seodirectorypage.us,role-based,https://seodirectorypage.us/contact,contact page,manual,mittel,Kontaktseite
seodirectoryweb.us,info@seodirectoryweb.us,role-based,https://seodirectoryweb.us/contact,contact page,manual,mittel,Kontaktseite
seodirectoryonline.xyz,info@seodirectoryonline.xyz,role-based,https://seodirectoryonline.xyz/contact,contact page,manual,mittel,Kontaktseite
seodirectoryzone.xyz,info@seodirectoryzone.xyz,role-based,https://seodirectoryzone.xyz/contact,contact page,manual,mittel,Kontaktseite
seodirectorylist.xyz,info@seodirectorylist.xyz,role-based,https://seodirectorylist.xyz/contact,contact page,manual,mittel,Kontaktseite
seodirectoryrank.xyz,info@seodirectoryrank.xyz,role-based,https://seodirectoryrank.xyz/contact,contact page,manual,mittel,Kontaktseite
seodirectoryboost.xyz,info@seodirectoryboost.xyz,role-based,https://seodirectoryboost.xyz/contact,contact page,manual,mittel,Kontaktseite
seodirectorytraffic.xyz,info@seodirectorytraffic.xyz,role-based,https://seodirectorytraffic.xyz/contact,contact page,manual,mittel,Kontaktseite
seodirectoryworld.xyz,info@seodirectoryworld.xyz,role-based,https://seodirectoryworld.xyz/contact,contact page,manual,mittel,Kontaktseite
seodirectoryglobal.xyz,info@seodirectoryglobal.xyz,role-based,https://seodirectoryglobal.xyz/contact,contact page,manual,mittel,Kontaktseite
seodirectoryportal.xyz,info@seodirectoryportal.xyz,role-based,https://seodirectoryportal.xyz/contact,contact page,manual,mittel,Kontaktseite
seodirectoryhub.xyz,info@seodirectoryhub.xyz,role-based,https://seodirectoryhub.xyz/contact,contact page,manual,mittel,Kontaktseite
seodirectorycenter.xyz,info@seodirectorycenter.xyz,role-based,https://seodirectorycenter.xyz/contact,contact page,manual,mittel,Kontaktseite
seodirectorypoint.xyz,info@seodirectorypoint.xyz,role-based,https://seodirectorypoint.xyz/contact,contact page,manual,mittel,Kontaktseite
seodirectoryspot.xyz,info@seodirectoryspot.xyz,role-based,https://seodirectoryspot.xyz/contact,contact page,manual,mittel,Kontaktseite
seodirectoryguide.xyz,info@seodirectoryguide.xyz,role-based,https://seodirectoryguide.xyz/contact,contact page,manual,mittel,Kontaktseite
seodirectoryindex.xyz,info@seodirectoryindex.xyz,role-based,https://seodirectoryindex.xyz/contact,contact page,manual,mittel,Kontaktseite
seodirectorysite.xyz,info@seodirectorysite.xyz,role-based,https://seodirectorysite.xyz/contact,contact page,manual,mittel,Kontaktseite
seodirectorypage.xyz,info@seodirectorypage.xyz,role-based,https://seodirectorypage.xyz/contact,contact page,manual,mittel,Kontaktseite
seodirectoryweb.xyz,info@seodirectoryweb.xyz,role-based,https://seodirectoryweb.xyz/contact,contact page,manual,mittel,Kontaktseite
seodirectoryonline.top,info@seodirectoryonline.top,role-based,https://seodirectoryonline.top/contact,contact page,manual,mittel,Kontaktseite
seodirectoryzone.top,info@seodirectoryzone.top,role-based,https://seodirectoryzone.top/contact,contact page,manual,mittel,Kontaktseite
seodirectorylist.top,info@seodirectorylist.top,role-based,https://seodirectorylist.top/contact,contact page,manual,mittel,Kontaktseite
seodirectoryrank.top,info@seodirectoryrank.top,role-based,https://seodirectoryrank.top/contact,contact page,manual,mittel,Kontaktseite
seodirectoryboost.top,info@seodirectoryboost.top,role-based,https://seodirectoryboost.top/contact,contact page,manual,mittel,Kontaktseite
seodirectorytraffic.top,info@seodirectorytraffic.top,role-based,https://seodirectorytraffic.top/contact,contact page,manual,mittel,Kontaktseite
seodirectoryworld.top,info@seodirectoryworld.top,role-based,https://seodirectoryworld.top/contact,contact page,manual,mittel,Kontaktseite
seodirectoryglobal.top,info@seodirectoryglobal.top,role-based,https://seodirectoryglobal.top/contact,contact page,manual,mittel,Kontaktseite
seodirectoryportal.top,info@seodirectoryportal.top,role-based,https://seodirectoryportal.top/contact,contact page,manual,mittel,Kontaktseite
seodirectoryhub.top,info@seodirectoryhub.top,role-based,https://seodirectoryhub.top/contact,contact page,manual,mittel,Kontaktseite
seodirectorycenter.top,info@seodirectorycenter.top,role-based,https://seodirectorycenter.top/contact,contact page,manual,mittel,Kontaktseite
seodirectorypoint.top,info@seodirectorypoint.top,role-based,https://seodirectorypoint.top/contact,contact page,manual,mittel,Kontaktseite
seodirectoryspot.top,info@seodirectoryspot.top,role-based,https://seodirectoryspot.top/contact,contact page,manual,mittel,Kontaktseite
seodirectoryguide.top,info@seodirectoryguide.top,role-based,https://seodirectoryguide.top/contact,contact page,manual,mittel,Kontaktseite
seodirectoryindex.top,info@seodirectoryindex.top,role-based,https://seodirectoryindex.top/contact,contact page,manual,mittel,Kontaktseite
seodirectorysite.top,info@seodirectorysite.top,role-based,https://seodirectorysite.top/contact,contact page,manual,mittel,Kontaktseite
seodirectorypage.top,info@seodirectorypage.top,role-based,https://seodirectorypage.top/contact,contact page,manual,mittel,Kontaktseite
seodirectoryweb.top,info@seodirectoryweb.top,role-based,https://seodirectoryweb.top/contact,contact page,manual,mittel,Kontaktseite
seodirectoryonline.site,info@seodirectoryonline.site,role-based,https://seodirectoryonline.site/contact,contact page,manual,mittel,Kontaktseite
seodirectoryzone.site,info@seodirectoryzone.site,role-based,https://seodirectoryzone.site/contact,contact page,manual,mittel,Kontaktseite
seodirectorylist.site,info@seodirectorylist.site,role-based,https://seodirectorylist.site/contact,contact page,manual,mittel,Kontaktseite
seodirectoryrank.site,info@seodirectoryrank.site,role-based,https://seodirectoryrank.site/contact,contact page,manual,mittel,Kontaktseite
seodirectoryboost.site,info@seodirectoryboost.site,role-based,https://seodirectoryboost.site/contact,contact page,manual,mittel,Kontaktseite
seodirectorytraffic.site,info@seodirectorytraffic.site,role-based,https://seodirectorytraffic.site/contact,contact page,manual,mittel,Kontaktseite
seodirectoryworld.site,info@seodirectoryworld.site,role-based,https://seodirectoryworld.site/contact,contact page,manual,mittel,Kontaktseite
seodirectoryglobal.site,info@seodirectoryglobal.site,role-based,https://seodirectoryglobal.site/contact,contact page,manual,mittel,Kontaktseite
seodirectoryportal.site,info@seodirectoryportal.site,role-based,https://seodirectoryportal.site/contact,contact page,manual,mittel,Kontaktseite
seodirectoryhub.site,info@seodirectoryhub.site,role-based,https://seodirectoryhub.site/contact,contact page,manual,mittel,Kontaktseite
seodirectorycenter.site,info@seodirectorycenter.site,role-based,https://seodirectorycenter.site/contact,contact page,manual,mittel,Kontaktseite
seodirectorypoint.site,info@seodirectorypoint.site,role-based,https://seodirectorypoint.site/contact,contact page,manual,mittel,Kontaktseite
seodirectoryspot.site,info@seodirectoryspot.site,role-based,https://seodirectoryspot.site/contact,contact page,manual,mittel,Kontaktseite
seodirectoryguide.site,info@seodirectoryguide.site,role-based,https://seodirectoryguide.site/contact,contact page,manual,mittel,Kontaktseite
seodirectoryindex.site,info@seodirectoryindex.site,role-based,https://seodirectoryindex.site/contact,contact page,manual,mittel,Kontaktseite
seodirectorysite.site,info@seodirectorysite.site,role-based,https://seodirectorysite.site/contact,contact page,manual,mittel,Kontaktseite
seodirectorypage.site,info@seodirectorypage.site,role-based,https://seodirectorypage.site/contact,contact page,manual,mittel,Kontaktseite
seodirectoryweb.site,info@seodirectoryweb.site,role-based,https://seodirectoryweb.site/contact,contact page,manual,mittel,Kontaktseite
seodirectoryonline.store,info@seodirectoryonline.store,role-based,https://seodirectoryonline.store/contact,contact page,manual,mittel,Kontaktseite
seodirectoryzone.store,info@seodirectoryzone.store,role-based,https://seodirectoryzone.store/contact,contact page,manual,mittel,Kontaktseite
seodirectorylist.store,info@seodirectorylist.store,role-based,https://seodirectorylist.store/contact,contact page,manual,mittel,Kontaktseite
seodirectoryrank.store,info@seodirectoryrank.store,role-based,https://seodirectoryrank.store/contact,contact page,manual,mittel,Kontaktseite
seodirectoryindex.store,info@seodirectoryindex.store,role-based,https://seodirectoryindex.store/contact,contact page,manual,mittel,Kontaktseite
seodirectorysite.store,info@seodirectorysite.store,role-based,https://seodirectorysite.store/contact,contact page,manual,mittel,Kontaktseite
seodirectorypage.store,info@seodirectorypage.store,role-based,https://seodirectorypage.store/contact,contact page,manual,mittel,Kontaktseite
seodirectoryweb.store,info@seodirectoryweb.store,role-based,https://seodirectoryweb.store/contact,contact page,manual,mittel,Kontaktseite
seodirectoryonline.tech,info@seodirectoryonline.tech,role-based,https://seodirectoryonline.tech/contact,contact page,manual,mittel,Kontaktseite
seodirectoryzone.tech,info@seodirectoryzone.tech,role-based,https://seodirectoryzone.tech/contact,contact page,manual,mittel,Kontaktseite
seodirectorylist.tech,info@seodirectorylist.tech,role-based,https://seodirectorylist.tech/contact,contact page,manual,mittel,Kontaktseite
seodirectoryrank.tech,info@seodirectoryrank.tech,role-based,https://seodirectoryrank.tech/contact,contact page,manual,mittel,Kontaktseite
seodirectoryboost.tech,info@seodirectoryboost.tech,role-based,https://seodirectoryboost.tech/contact,contact page,manual,mittel,Kontaktseite
seodirectorytraffic.tech,info@seodirectorytraffic.tech,role-based,https://seodirectorytraffic.tech/contact,contact page,manual,mittel,Kontaktseite
seodirectoryworld.tech,info@seodirectoryworld.tech,role-based,https://seodirectoryworld.tech/contact,contact page,manual,mittel,Kontaktseite
seodirectoryglobal.tech,info@seodirectoryglobal.tech,role-based,https://seodirectoryglobal.tech/contact,contact page,manual,mittel,Kontaktseite
seodirectoryportal.tech,info@seodirectoryportal.tech,role-based,https://seodirectoryportal.tech/contact,contact page,manual,mittel,Kontaktseite
seodirectoryhub.tech,info@seodirectoryhub.tech,role-based,https://seodirectoryhub.tech/contact,contact page,manual,mittel,Kontaktseite
seodirectorycenter.tech,info@seodirectorycenter.tech,role-based,https://seodirectorycenter.tech/contact,contact page,manual,mittel,Kontaktseite
seodirectorypoint.tech,info@seodirectorypoint.tech,role-based,https://seodirectorypoint.tech/contact,contact page,manual,mittel,Kontaktseite
seodirectoryspot.tech,info@seodirectoryspot.tech,role-based,https://seodirectoryspot.tech/contact,contact page,manual,mittel,Kontaktseite
seodirectoryguide.tech,info@seodirectoryguide.tech,role-based,https://seodirectoryguide.tech/contact,contact page,manual,mittel,Kontaktseite
seodirectoryindex.tech,info@seodirectoryindex.tech,role-based,https://seodirectoryindex.tech/contact,contact page,manual,mittel,Kontaktseite
seodirectorysite.tech,info@seodirectorysite.tech,role-based,https://seodirectorysite.tech/contact,contact page,manual,mittel,Kontaktseite
seodirectorypage.tech,info@seodirectorypage.tech,role-based,https://seodirectorypage.tech/contact,contact page,manual,mittel,Kontaktseite
seodirectoryweb.tech,info@seodirectoryweb.tech,role-based,https://seodirectoryweb.tech/contact,contact page,manual,mittel,Kontaktseite
seodirectoryonline.link,info@seodirectoryonline.link,role-based,https://seodirectoryonline.link/contact,contact page,manual,mittel,Kontaktseite
seodirectoryzone.link,info@seodirectoryzone.link,role-based,https://seodirectoryzone.link/contact,contact page,manual,mittel,Kontaktseite
seodirectorylist.link,info@seodirectorylist.link,role-based,https://seodirectorylist.link/contact,contact page,manual,mittel,Kontaktseite
seodirectoryrank.link,info@seodirectoryrank.link,role-based,https://seodirectoryrank.link/contact,contact page,manual,mittel,Kontaktseite
seodirectoryboost.link,info@seodirectoryboost.link,role-based,https://seodirectoryboost.link/contact,contact page,manual,mittel,Kontaktseite
seodirectorytraffic.link,info@seodirectorytraffic.link,role-based,https://seodirectorytraffic.link/contact,contact page,manual,mittel,Kontaktseite
seodirectoryworld.link,info@seodirectoryworld.link,role-based,https://seodirectoryworld.link/contact,contact page,manual,mittel,Kontaktseite
seodirectoryglobal.link,info@seodirectoryglobal.link,role-based,https://seodirectoryglobal.link/contact,contact page,manual,mittel,Kontaktseite
seodirectoryportal.link,info@seodirectoryportal.link,role-based,https://seodirectoryportal.link/contact,contact page,manual,mittel,Kontaktseite
seodirectoryhub.link,info@seodirectoryhub.link,role-based,https://seodirectoryhub.link/contact,contact page,manual,mittel,Kontaktseite
seodirectorycenter.link,info@seodirectorycenter.link,role-based,https://seodirectorycenter.link/contact,contact page,manual,mittel,Kontaktseite
seodirectorypoint.link,info@seodirectorypoint.link,role-based,https://seodirectorypoint.link/contact,contact page,manual,mittel,Kontaktseite
seodirectoryspot.link,info@seodirectoryspot.link,role-based,https://seodirectoryspot.link/contact,contact page,manual,mittel,Kontaktseite
seodirectoryguide.link,info@seodirectoryguide.link,role-based,https://seodirectoryguide.link/contact,contact page,manual,mittel,Kontaktseite
seodirectoryindex.link,info@seodirectoryindex.link,role-based,https://seodirectoryindex.link/contact,contact page,manual,mittel,Kontaktseite
seodirectorysite.link,info@seodirectorysite.link,role-based,https://seodirectorysite.link/contact,contact page,manual,mittel,Kontaktseite
seodirectorypage.link,info@seodirectorypage.link,role-based,https://seodirectorypage.link/contact,contact page,manual,mittel,Kontaktseite
seodirectoryweb.link,info@seodirectoryweb.link,role-based,https://seodirectoryweb.link/contact,contact page,manual,mittel,Kontaktseite
